scenario_id,rep,true_effect,naive_effect,naive_se,naive_ci_lower,naive_ci_upper,naive_success,maic_effect,maic_se,maic_ci_lower,maic_ci_upper,maic_ess,maic_max_weight,maic_success,stc_effect,stc_se,stc_ci_lower,stc_ci_upper,stc_success,iow_effect,iow_se,iow_ci_lower,iow_ci_upper,iow_ess,iow_success
1,0,0.15,-0.06945002007226009,0.09945712041258492,-0.2643859760809265,0.12548593593640636,True,-0.17732119745307132,0.10265526938679417,-0.378521828274445,0.023879433368302422,72.5871154974374,3.7376440755133133,True,-0.1242900556876474,0.09740407886017889,-0.31519854220089727,0.06661843082560248,True,-0.1141767022011914,0.10629921904392241,-0.3225193431120136,0.09416593870963076,73.8321019869406,True
1,1,0.15,0.2707070707070707,0.09683281584813627,0.08091475164472359,0.46049938976941773,True,0.2608502399330675,0.09891304326483383,0.06698423753274102,0.45471624233339397,98.95546532716413,1.258104441560055,True,0.2401556454016387,0.08937805368352772,0.06497787917363684,0.41533341162964055,True,0.2768061122048091,0.09280475118125744,0.09491214229534348,0.4587000821142747,99.06424022872234,True
1,2,0.15,0.21528611444577828,0.09586056294296727,0.02739941107756244,0.4031728178139941,True,0.25425800550757305,0.0915031016253505,0.07491522184817759,0.43360078916696854,94.811597134379,1.6874909214232408,True,0.18873006127436892,0.09839455643818124,-0.004119725619259995,0.38157984816799784,True,0.21942139544661363,0.09723965251313377,0.028835178651681698,0.4100076122415456,97.66609237684449,True
1,3,0.15,0.13999999999999999,0.0905763856236992,-0.03752971582245043,0.3175297158224504,True,0.10695245520669677,0.09429155564157787,-0.0778555978970504,0.291760508310444,96.03392201579439,1.5404969750512818,True,0.07358582448204984,0.07837454303777222,-0.08002545717676815,0.22719710614086783,True,0.09793600939116448,0.08779794524336533,-0.07414480120245132,0.2700168199847803,96.28142186949313,True
1,4,0.15,0.17575757575757578,0.09734774790429704,-0.015044010134846408,0.36655916164999797,True,0.18599393858683633,0.10135398967800154,-0.012656230871491064,0.3846441080451637,95.09516534942473,1.6064349739774535,True,0.1761115707261482,0.09026652624225046,-0.0008075697182023667,0.3530307111704988,True,0.18619936181476357,0.1054632711279089,-0.02050485128772081,0.3929035749172479,94.6836599610794,True
1,5,0.15,-0.0032639738882089264,0.10133536980837161,-0.20188129871261729,0.19535335093619943,True,-0.045055061983765854,0.11100953681275447,-0.26262975607723793,0.1725196321097062,87.25491993900562,2.3607309917293007,True,-0.04905951647990725,0.09700558907523599,-0.2391869773664619,0.1410679444066474,True,-0.04928543994980702,0.10150557517443787,-0.24823271152172827,0.14966183162211422,89.08513221143964,True
1,6,0.15,0.09898989898989896,0.09898989898989899,-0.09503030303030305,0.29301010101010094,True,0.08453824667832538,0.09967679117934558,-0.11082467412771169,0.27990116748436245,97.07544339382571,1.4795362517012733,True,0.06756413873199663,0.09271223974771527,-0.11414851209956817,0.24927678956356142,True,0.0871464209741817,0.09989961101741783,-0.10865321868951804,0.2829460606378814,96.75427298357287,True
1,7,0.15,0.24879227053140093,0.09031008392399609,0.0717845060403686,0.42580003502243324,True,0.26527838613886834,0.09101514604232636,0.08689197784825545,0.44366479442948126,87.61589260738938,2.3982165908892883,True,0.25231910446375355,0.08063612763046014,0.09427519845527654,0.41036301047223056,True,0.27792191255948456,0.09108398391586094,0.09940058451597156,0.45644324060299757,80.98388563529566,True
1,8,0.15,0.3057222889155662,0.0915537237163381,0.1262769904315435,0.4851675873995889,True,0.30629965033670725,0.09484629974568297,0.12040431876827815,0.49219498190513633,96.79068071987474,1.4612602007442472,True,0.27522885422558196,0.06887045252301299,0.1402452476815008,0.4102124607696631,True,0.2898484029424537,0.07919529225208691,0.13462848238323935,0.44506832350166803,97.33894241960824,True
1,9,0.15,0.12444801284624646,0.09121238121780616,-0.05432825434065361,0.3032242800331465,True,0.1404441417688211,0.09677169783153543,-0.04922490070378116,0.3301131842414234,93.99743263195118,1.9602004418166925,True,0.13067435300517452,0.08885730979960188,-0.043482773965163174,0.3048314799755122,True,0.15980646497572037,0.0932896552568953,-0.02303789945795212,0.34265082940939284,94.41984699901052,True
2,0,0.15,0.15411973918197985,0.042633292675832525,0.0705584855373481,0.2376809928266116,True,0.17357094251735083,0.039833286737065564,0.09549913512684532,0.25164274990785634,482.15498379849276,1.7665909717688475,True,0.16499093546334004,0.041299468881450085,0.08404546387506516,0.2459364070516149,True,0.17011931874760455,0.0442043540662317,0.08348037681793373,0.25675826067727536,478.1776609156427,True
2,1,0.15,0.17014404754214846,0.04242355857743426,0.08699387273037731,0.25329422235391963,True,0.1649985308625878,0.03806324621722911,0.0903959391421383,0.23960112258303734,483.97078951351796,1.6490987191865158,True,0.16408333820591253,0.039349760353271354,0.08695922511321856,0.2412074512986065,True,0.16995078511144399,0.042606254589224325,0.08644406060041991,0.25345750962246805,481.0138999786166,True
2,2,0.15,0.1410262564201027,0.042841132137271004,0.05705763743105152,0.22499487540915386,True,0.14130315090684276,0.04395884128965101,0.05514540517701451,0.22746089663667102,482.2788030312012,1.92625716962569,True,0.1384821385720736,0.043957079188211096,0.05232784649760469,0.22463643064654248,True,0.1373676360789467,0.04273671394692961,0.05360521592537404,0.22113005623251936,481.7079021127778,True
2,3,0.15,0.20354267310789048,0.04268580448937613,0.11987849630871326,0.2872068499070677,True,0.19148809445741288,0.041706619093977874,0.1097446231162857,0.2732315657985401,491.64436350856795,1.6102771036985415,True,0.18400563525696534,0.03839567061778163,0.10875150368385057,0.2592597668300801,True,0.1872826470830641,0.04150820894065722,0.1059280524966125,0.26863724166951575,493.2202438943328,True
2,4,0.15,0.19175670268107242,0.04298641758609787,0.1075033242123206,0.2760100811498242,True,0.19603949431097722,0.04297477280862211,0.11181048736228667,0.2802685012596678,487.69729341504336,1.5201517943560579,True,0.1908133428144801,0.047285992190778336,0.0981345011473123,0.28349218448164787,True,0.19308563755995886,0.041479329796512816,0.11178764505593461,0.27438363006398314,488.61377573381594,True
2,5,0.15,0.1811976569685821,0.04250497121713662,0.09788791338299432,0.2645074005541699,True,0.189020572711262,0.039316195486471285,0.11196224554864204,0.26607889987388195,475.436375808906,1.6895626588505377,True,0.18597319733123738,0.04389071323246912,0.09994898013982233,0.2719974145226524,True,0.18220254313947326,0.043948379941233434,0.09606530127577319,0.26833978500317335,474.34041778962336,True
2,6,0.15,0.19958073962650624,0.04179264168003726,0.11766716193363322,0.28149431731937924,True,0.19917969879854658,0.04178930979683915,0.117274156657955,0.28108524093913817,493.8261842920226,1.3857526766240054,True,0.1944003904347463,0.041395111147982624,0.11326746344866787,0.27553331742082476,True,0.1976667163677092,0.0439214436272631,0.11158226870926724,0.28375116402615114,493.61657880523904,True
2,7,0.15,0.10399999999999998,0.04306640058604562,0.019589854851350563,0.1884101451486494,True,0.10799774958143865,0.042169143408683746,0.025347747241513896,0.1906477519213634,473.3360477715668,2.306133063467915,True,0.10547932400636573,0.04772071790322002,0.011948435599658719,0.19901021241307273,True,0.11292972950545603,0.04266287353490361,0.029312033900057932,0.19654742511085413,471.3038319692203,True
2,8,0.15,0.1600281762295082,0.04172789871660481,0.07824149474496278,0.24181485771405364,True,0.15527205994142618,0.04054551223092499,0.07580431623408493,0.23473980364876743,493.5703952717022,1.4866605538586375,True,0.15618834028146106,0.03991423215704783,0.07795788278307685,0.23441879777984526,True,0.16126370174484633,0.043298559152441955,0.07640008522358298,0.24612731826610967,493.8467342172524,True
2,9,0.15,0.18185900314324205,0.042049569822117105,0.09944184629189252,0.2642761599945916,True,0.17363834108118847,0.0402098206013371,0.09482854087775107,0.2524481412846259,479.3473543220821,1.7901065798107825,True,0.1634431936531031,0.043728043371319095,0.07773780353091224,0.24914858377529397,True,0.17023116807095678,0.04000433437788499,0.09182411346480465,0.24863822267710892,478.1620161324377,True
3,0,0.15,-0.09072661581694097,0.09965482153533847,-0.28605006602620436,0.10459683439232242,True,-0.2763195298615885,0.11278320841889962,-0.49737055642350636,-0.05526850329967062,38.91262291324782,8.354631684696175,True,-0.18170802545625575,0.10124271479066121,-0.38014010014301236,0.01672404923050086,True,-0.1790215465525849,0.11599418817461295,-0.4063659777907881,0.04832288468561832,47.20818350301481,True
3,1,0.15,0.2303030303030303,0.09800582805331047,0.03821160731854176,0.4223944532875188,True,0.14092962979745188,0.11690753989608922,-0.08820493792006248,0.3700641975149662,74.81345163098725,3.7315504262863355,True,0.1792562382276539,0.10098873604172391,-0.01867804725834707,0.3771905237136549,True,0.1759407602529977,0.1107074376565516,-0.041041830374556776,0.3929233508805522,76.03665211102677,True
3,2,0.15,0.23729491796718682,0.0972632438141749,0.04665896009140405,0.4279308758429696,True,0.36529695590010824,0.10126290439232405,0.16682531032123027,0.5637686014789862,59.9484829974688,5.818504444543784,True,0.23397279140294497,0.1118900835385068,0.014672257440293685,0.4532733253655963,True,0.280176023716604,0.10942179116689674,0.06571325390562338,0.4946387935275846,78.59793566160315,True
3,3,0.15,0.12,0.0917850194526229,-0.059898638127140885,0.2998986381271409,True,0.0686367850005743,0.10285482627905819,-0.13295497014250365,0.2702285401436523,77.46820224602817,2.8779487003662276,True,0.05766485366430127,0.08456539822792844,-0.10808028120072577,0.2234099885293283,True,0.07054671069738135,0.09931642412887969,-0.12410990366852766,0.26520332506329036,74.90189245731273,True
3,4,0.15,0.1797979797979798,0.09815146889289053,-0.01257889923208566,0.37217485882804524,True,0.16488512793965776,0.11350961755888037,-0.05758963437466308,0.3873598902539786,76.42559686559657,2.6360651097981775,True,0.1709796734852702,0.08916518469074707,-0.0037808771834562382,0.34574022415399663,True,0.1984685828617677,0.1028789993383528,-0.0031705506069238665,0.4001077163304593,76.71604498050587,True
3,5,0.15,-0.008975928192574478,0.10175137467167562,-0.2084086225490587,0.19045676616390975,True,-0.08079635908761379,0.12509410651556166,-0.3259763025363319,0.16438358436110437,61.76446768715992,5.107791380412893,True,-0.09162744577737691,0.10484430091617537,-0.29711849955736047,0.11386360800260661,True,-0.09268862043478324,0.1236678321107955,-0.33507311741808843,0.14969587654852196,57.78833279028782,True
3,6,0.15,0.04444444444444445,0.09824498113767942,-0.1481157185854072,0.2370046074742961,True,0.026184405910543218,0.11090979975765561,-0.19119480714701098,0.24356361896809742,70.74261318486346,3.412318072606192,True,0.011534301323865903,0.10413913224365036,-0.19257464725494267,0.21564324990267447,True,0.03232385046000847,0.11475305372106122,-0.19258800194926157,0.2572357028692785,74.11910672213182,True
3,7,0.15,0.32286634460547503,0.09059622018418016,0.14529775304448192,0.5004349361664682,True,0.330458489990085,0.10537536044198036,0.12392657866587678,0.5369904013142932,58.52617159434996,5.101299471070852,True,0.31673732732190724,0.08651577471822634,0.14716952477960266,0.4863051298642118,True,0.3447693675067968,0.10386315572466391,0.14120132296578042,0.5483374120478133,33.40281789394832,True
3,8,0.15,0.2657062825130052,0.09287108619432932,0.08367895357211974,0.4477336114538907,True,0.2840815405155255,0.11103963977230151,0.06644784570551315,0.5017152353255379,69.86464114324734,3.492871109276955,True,0.28406696035746537,0.07782608864892213,0.1315306295479565,0.43660329116697427,True,0.2808144821504111,0.09082747508851693,0.10279590217020895,0.45883306213061326,75.73819766065135,True
3,9,0.15,0.12444801284624646,0.09121238121780616,-0.05432825434065361,0.3032242800331465,True,0.10596837609541929,0.09332011088930019,-0.0769356802808932,0.2888724324717318,80.11214590391859,2.862855228558223,True,0.09609924519224328,0.08717402481840518,-0.0747587038392317,0.2669571942237182,True,0.12817590592267672,0.09128714346400124,-0.0507436075183067,0.30709541936366014,78.54053278738257,True
4,0,0.15,0.23516073095905027,0.05461287540967923,0.12811949515607896,0.3422019667620216,True,0.21889964486418845,0.06831695409612051,0.08500087530231612,0.35279841442606075,160.80827792665625,5.5303019407082505,True,0.23864139297928758,0.0669356792442371,0.10744987237985765,0.3698329135787175,True,0.21495581710532843,0.06871655127096866,0.08027385147242977,0.3496377827382271,149.05045765262705,True
4,1,0.15,0.2141414141414142,0.055293847899455455,0.1057654722584815,0.3225173560243469,True,0.2873249927165243,0.0716175667511776,0.14695714122382295,0.4276928442092256,158.13092691333412,8.768786617857444,True,0.28559645749610707,0.06843775936706019,0.15146091395405037,0.41973200103816377,True,0.27756691147437723,0.06738435268951236,0.1454960070813883,0.40963781586736614,163.61888800045892,True
4,2,0.15,0.0826813655761024,0.055097548129782965,-0.025309828758272215,0.190672559910477,True,0.17009112616745747,0.06873326515243992,0.03537640192883326,0.30480585040608166,175.55066386712053,5.833486922991815,True,0.16694465996228364,0.0682076227951876,0.03326017581262272,0.3006291441119445,True,0.18181483814336102,0.06972186874858159,0.04516248646131238,0.31846718982540967,174.58247114206267,True
4,3,0.15,0.16228956228956226,0.05591355689664898,0.052698990772130264,0.2718801338069943,True,0.14946505835189489,0.0777427343129777,-0.00290790096120766,0.3018380176649974,173.01763938247674,6.285160046556682,True,0.19477020096128567,0.06893827597909387,0.05965366288597895,0.3298867390365924,True,0.17235090393539682,0.0715093803428726,0.032195093906590005,0.3125067139642036,178.00974445539157,True
4,4,0.15,0.16079461939334555,0.05682709701406727,0.0494135092457737,0.2721757295409174,True,0.16562484530748528,0.07255629793821543,0.02341711449702527,0.3078325761179453,172.12556414159894,6.338136715977031,True,0.10954769946951254,0.07499785339465383,-0.03744539210182399,0.25654079104084904,True,0.12911645484908352,0.07514734004580025,-0.018169625174669496,0.2764025348728365,167.12644779479126,True
4,5,0.15,0.21902524955960068,0.05644066571117344,0.10840154476570074,0.3296489543535006,True,0.2507133862295851,0.07280032667396547,0.10802736788586217,0.393399404573308,161.92797420700134,6.252548476730226,True,0.2594527785568236,0.06840957408933777,0.12537247714399707,0.3935330799696501,True,0.2522052498340607,0.07364673670118588,0.10786029832083216,0.3965502013472892,163.38795726365817,True
4,6,0.15,0.06941045606229146,0.055417773248218054,-0.03920837950421592,0.17802929162879882,True,-0.0025049325630702723,0.065270162341237,-0.13043210001697733,0.1254222348908368,178.89874262948186,5.847798789173374,True,-0.0013916760399236838,0.061330136471483714,-0.1215965346909582,0.11881318261111083,True,0.010425332824869767,0.0654980674107299,-0.11794852035713749,0.13879918600687702,188.91952691856642,True
4,7,0.15,0.08743047830923245,0.05623591002507766,-0.02279190533991976,0.19765286195838466,True,0.032535638246738274,0.07081057439927783,-0.10625053730044026,0.1713218137939168,173.4267088742753,7.380631486674026,True,0.009136615612292454,0.07047960772167634,-0.12900087716670428,0.14727410839128918,True,0.05789539074428061,0.07920430037025718,-0.09734218540211592,0.21313296689067712,156.87128682013747,True
4,8,0.15,0.26495726495726496,0.053108480285584736,0.1608646435975189,0.369049886317011,True,0.2144990151902335,0.06502513098486655,0.08705210036989555,0.3419459300105715,201.9736054204636,4.238422162200528,True,0.21295202962166354,0.05896665050082129,0.09737951835109307,0.32852454089223404,True,0.20187351824966857,0.06416838376417613,0.07610579712573859,0.32764123937359857,189.85840979950572,True
4,9,0.15,0.30696960115633043,0.05270936010886404,0.20365925534295692,0.41027994696970393,True,0.2765020362488497,0.06786631543382862,0.1434865022351108,0.4095175702625886,164.58923962555596,7.0259133353507455,True,0.2884350305390113,0.06400319958981744,0.16299106444764036,0.4138789966303823,True,0.27614196940443225,0.06412316979040351,0.15046286604069456,0.4018210727681699,154.78442464769728,True
5,0,0.15,0.1470210580380072,0.04262618151275999,0.06347374227299761,0.23056837380301676,True,0.12201692354819793,0.06662005150309196,-0.00855597804606581,0.25258982514246164,230.8456005332159,14.929539351985614,True,0.09224601610658023,0.055432159735661596,-0.016399020560587826,0.2008910527737483,True,0.11276238367825181,0.06252749848739188,-0.009789261400418983,0.2353140287569226,246.03987266886872,True
5,1,0.15,0.16360708534621576,0.0428083088096615,0.07970280007927923,0.24751137061315232,True,0.19924385414802287,0.05136583697049386,0.0985686636500989,0.2999190446459468,314.06466547753786,6.483104805026666,True,0.18478438047260531,0.05267110803382845,0.08155090570048326,0.28801785524472734,True,0.1998041681318178,0.04944396725818734,0.10289577305299298,0.29671256321064265,345.79144483253543,True
5,2,0.15,0.15931454903278452,0.04357259133753958,0.07391227001120695,0.2447168280543621,True,0.12940531980664766,0.06050682202960588,0.010814127809645385,0.24799651180364993,275.7109218315656,7.945150733370021,True,0.13118018503632378,0.054785195161264226,0.02380317563424786,0.2385571944383997,True,0.12424515160751644,0.05659759243699259,0.013315908819334407,0.23517439439569848,265.37223193697827,True
5,3,0.15,0.10228091236494596,0.04273082752575557,0.018528490414465054,0.18603333431542687,True,0.08193820259862122,0.057009014846655236,-0.029797413294932268,0.19367381849217472,236.66065970482714,10.568655409297907,True,0.06987535707499115,0.05875657422911626,-0.045285412269031,0.1850361264190133,True,0.08409315433526471,0.05850045537897831,-0.03056563128672525,0.19875193995725465,249.4213980437699,True
5,4,0.15,0.14893038288612614,0.04306191554531456,0.06452902841730962,0.23333173735494267,True,0.153429241454014,0.056753052776850076,0.04219530199868693,0.26466318090934104,259.9801945342449,7.526905728739459,True,0.12541320463252015,0.05761125468763984,0.012497220340581691,0.2383291889244586,True,0.152260325012309,0.059204827736468596,0.03622099493793249,0.2682996550866855,274.9996450085701,True
5,5,0.15,0.141705069124424,0.04330866176585016,0.05682009206335768,0.22659004618549028,True,0.1400037091114858,0.05786384924732193,0.026592648579879696,0.2534147696430919,244.62366336075743,10.88133043486252,True,0.12379203111314419,0.05933039195804883,0.007506599686723625,0.24007746253956475,True,0.1338290428306737,0.06168429748868321,0.012930041341200113,0.2547280443201473,275.3900517802711,True
5,6,0.15,0.1714715869049907,0.04285148980624884,0.08748266688474299,0.2554605069252384,True,0.21913366211062388,0.0514949914624274,0.1182053334600686,0.32006199076117914,271.90835895751144,6.944620176162494,True,0.19008324629791834,0.05218858981083893,0.08779548986474,0.2923710027310967,True,0.2081712053744025,0.051162121345655565,0.10789529016424967,0.30844712058455537,258.12608835119335,True
5,7,0.15,0.10173617784611438,0.0438446864871866,0.015800592331228658,0.1876717633610001,True,0.1152755543733297,0.05700880583609796,0.0035403481329408654,0.22701076061371855,252.86701104347296,14.046499691435402,True,0.1398050553707465,0.05577516059455485,0.03048774937348138,0.24912236136801164,True,0.11730893929204979,0.06818774729282916,-0.01633658958881394,0.2509544681729135,181.46335302915628,True
5,8,0.15,0.09634684865515858,0.043663285334100806,0.010766809400321,0.18192688790999617,True,0.07749322901131528,0.06277311678496068,-0.045539819084534416,0.20052627710716497,261.12563264239816,8.817522952277805,True,0.08516505158948212,0.05734246833657227,-0.027224121134827958,0.19755422431379221,True,0.08671398977429479,0.06303965996860991,-0.036841473361832036,0.2102694529104216,276.21002355894785,True
5,9,0.15,0.11648150819987496,0.04392554014871589,0.03038744950839181,0.2025755668913581,True,0.08589738619568249,0.05599037275836775,-0.023841727891690853,0.19563650028305585,275.0722783685952,6.221418853406761,True,0.07604565248601008,0.05503925200906511,-0.03182929918778134,0.1839206041598015,True,0.08183886441886609,0.05563673775042992,-0.027207137789276567,0.19088486662700876,270.03928146997157,True
6,0,0.15,-0.10959454034524291,0.09917276685046701,-0.30397316337215824,0.08478408268167242,True,-0.3324623450905486,0.15618475730710044,-0.6385788443465945,-0.026345845834502724,18.85334538380628,15.23481980339393,True,-0.19781353524157788,0.10279536356120195,-0.3992887455992347,0.003661675116078955,True,-0.22659790366179572,0.12444335342139143,-0.47050239448311226,0.017306587159520798,31.671198946279553,True
6,1,0.15,0.2626262626262626,0.09787039607102484,0.07080028632705393,0.45445223892547126,True,0.10165819988482744,0.1455338014699743,-0.18358280952952455,0.3868992092991794,45.868999185265174,7.87538899639193,True,0.24196178252423528,0.1166199996216793,0.013390783388669142,0.4705327816598014,True,0.14928725832322354,0.14380761165297104,-0.1325704812193223,0.4311449978657694,48.130534270999554,True
6,2,0.15,0.2781112444977991,0.0966367499192835,0.08870321465600345,0.4675192743395948,True,0.47689024605013364,0.11877725793273217,0.24409109831955417,0.7096893937807132,30.047129203618347,12.283036103963672,True,0.22220540376692943,0.13308404770313903,-0.03863453664803357,0.48304534418189243,True,0.2997033433409506,0.12739116753581517,0.05002124302224473,0.5493854436596565,52.58241198048977,True
6,3,0.15,0.16000000000000003,0.09284615319583955,-0.02197846026384548,0.34197846026384554,True,0.1426842836057271,0.1326977646578648,-0.11739855595265991,0.4027671231641141,53.209423382960026,5.018075343306856,True,0.09709321920425276,0.10967851739794271,-0.11787272477346467,0.3120591631819702,True,0.1584549781488908,0.14113639750072351,-0.11816727786025616,0.4350772341580378,47.356301066634494,True
6,4,0.15,0.12121212121212122,0.09921639723481758,-0.07325201736812123,0.3156762597923637,True,0.09760896601632313,0.13997020130858123,-0.1767275874573172,0.37194551948996346,49.19965103577436,4.473222315473802,True,0.08827592646147486,0.10577671586470741,-0.11904262703627821,0.29559447995922794,True,0.13784566526730088,0.11916151223969738,-0.09570660706583484,0.3713979376004366,59.088810807144306,True
6,5,0.15,-0.026519787841697284,0.10158919759395743,-0.22563461512585384,0.17259503944245927,True,-0.15061591828143495,0.14824588202847033,-0.44117250791361046,0.13994067135074056,38.56130997655258,8.750442515918975,True,-0.16773235874363923,0.1105501765001872,-0.3844067231685524,0.04894200568127391,True,-0.17376953923965757,0.1554191107794638,-0.47838539887664755,0.13084632039733238,31.880519935445985,True
6,6,0.15,0.09898989898989896,0.09898989898989899,-0.09503030303030305,0.29301010101010094,True,0.0750869285570206,0.1416939561961954,-0.20262812241451844,0.35280197952855963,41.99956796188773,6.044279080953977,True,0.04701725078243807,0.12537107880894663,-0.1987055483860301,0.29274004995090624,True,0.09732788037071624,0.14687490239332524,-0.190541638553037,0.3851973992944695,49.26011883478706,True
6,7,0.15,0.28582930756843794,0.09059622018418016,0.10826071600744483,0.4633978991294311,True,0.3040866515015111,0.12668733839676552,0.055784030946612356,0.5523892720564099,36.86929902261969,8.021842044973146,True,0.2611589912689715,0.09736347721893701,0.07033008251026895,0.4519879000276741,True,0.3294018631443825,0.1314192872515359,0.07182479325744828,0.5869789330313168,13.386407080876081,True
6,8,0.15,0.2060824329731893,0.09383231316382679,0.022171099172088787,0.38999376677428976,True,0.24220443390675636,0.13881528036414925,-0.029868516110806348,0.5142773839243191,42.33507450565442,6.738498189791259,True,0.25721988556253095,0.09565745866611412,0.06973471172431839,0.4447050594007435,True,0.24394094910212025,0.11968163478201906,0.009369255318486647,0.47851264288575385,52.06547900319232,True
6,9,0.15,0.11963067041348857,0.09460650771436294,-0.06579808470666279,0.30505942553363996,True,0.08869266049637345,0.09658297852167604,-0.10060649892571719,0.2779918199184641,56.706983964244095,4.955960909368791,True,0.09360287587957336,0.0895775936563206,-0.08196598150857864,0.26917173326772537,True,0.11804131828287434,0.09186121875262307,-0.062003362048222294,0.298085998613971,57.20449507309716,True
7,0,0.15,0.19514472455648924,0.05511607484204948,0.08711721786607225,0.30317223124690623,True,0.16838512691015914,0.09168593890714473,-0.011316011236584211,0.3480862650569025,79.80225047064052,11.201013148817575,True,0.22345483711888653,0.08423730734860349,0.05835274856099246,0.3885569256767806,True,0.18045162844244828,0.09014220668502539,0.003776149852832811,0.35712710703206374,75.91182381918932,True
7,1,0.15,0.23838383838383836,0.05525332779020013,0.1300873159150461,0.34668036085263065,True,0.3964931116446756,0.08724259081547579,0.22550077572837815,0.5674854475609731,66.80400964211844,23.471931687025094,True,0.3407297994840755,0.0814429467004112,0.18110455715645432,0.5003550418116967,True,0.3520488390573131,0.08387697469911604,0.18765298951486833,0.5164446885997579,77.64460104577307,True
7,2,0.15,0.06916785206258891,0.05490556495407616,-0.03844705524740037,0.1767827593725782,True,0.24066680009457883,0.09578774186197928,0.052926275884679796,0.42840732430447787,86.62219858262551,13.914674357413407,True,0.2006877385848496,0.08161888771514354,0.040717658204949575,0.3606578189647496,True,0.25221352442788525,0.09849087533725802,0.05917495596103528,0.4452520928947352,84.61603177496262,True
7,3,0.15,0.14410774410774413,0.056296784346427764,0.033766046788745716,0.25444944142674253,True,0.02981734249682577,0.10745699917619594,-0.18079450577526854,0.24042919076892008,81.43011061470854,12.668318515048385,True,0.14612850833683438,0.08521075492547968,-0.020881502412574804,0.31313851908624357,True,0.08247343528935779,0.10338290793529727,-0.12015334088084502,0.2851002114595606,94.27862710544338,True
7,4,0.15,0.1544251926417532,0.05692768800797161,0.042846924146128854,0.26600346113737755,True,0.16138902368477326,0.09602152675570284,-0.026809710496953493,0.3495877578665,82.71383837305825,13.083461689860775,True,0.09113869726999257,0.09449957470105165,-0.09407706569842111,0.27635446023840626,True,0.12358704941164836,0.10574888505840781,-0.0836769567080968,0.3308510555313935,82.29279693741208,True
7,5,0.15,0.24535886896427123,0.05643503979985922,0.13474619095654716,0.3559715469719953,True,0.23231445946827184,0.10219468775407646,0.032016552058965475,0.4326123668775782,80.86048364148957,13.476353168604978,True,0.283228459626191,0.08124968426402365,0.12398200471345386,0.44247491453892807,True,0.23268834328317933,0.09768723657164906,0.04122487785350315,0.4241518087128555,94.70358195033732,True
7,6,0.15,0.04961067853170187,0.05539607059167533,-0.05896561982798178,0.1581869768913855,True,-0.03874798301759291,0.08987188654123211,-0.21489364386107787,0.13739767782589205,82.31613680383995,13.47347409333316,True,-0.06300509925489994,0.07400224610631902,-0.20804683639835467,0.08203663788855478,True,-0.01825968782792224,0.08901108989444895,-0.19271821824569935,0.15619884258985484,101.88254445595598,True
7,7,0.15,0.1003337041156841,0.05632715386914281,-0.01006751746783581,0.210734925699204,True,0.04459563642285952,0.09989935295163394,-0.15120349744119813,0.24039477028691716,83.93027256745778,16.737211946495897,True,-0.04284620211929796,0.0812373491040558,-0.20206848056275456,0.11637607632415864,True,0.11019977804534647,0.12855485718842505,-0.1417631120816567,0.36216266817234966,63.607653540484,True
7,8,0.15,0.3162393162393162,0.053028551696903174,0.212303354913386,0.4201752775652464,True,0.21076998529902816,0.08555845674420035,0.0430784915075674,0.3784614790904889,108.73129081658443,8.958407499173589,True,0.2360733897447928,0.07155642076527459,0.09582538218226055,0.37632139730732506,True,0.18828275396889793,0.08440639407764715,0.0228492615118146,0.35371624642598126,93.7933070818647,True
7,9,0.15,0.32472108044627124,0.05265001767333937,0.22152704580652607,0.42791511508601643,True,0.23161877380391582,0.09378303272688764,0.047807407298274845,0.41543014030955683,80.096602140724,15.710908683236587,True,0.29236952502325486,0.07868258809116858,0.13815448615416429,0.44658456389234547,True,0.2240843351444104,0.09768855724419596,0.0326182812441069,0.41555038904471386,73.96809722689613,True
8,0,0.15,0.18400102722136624,0.04295059842134814,0.09981785431552388,0.2681842001272086,True,0.19744743024713046,0.10239635475781521,-0.003245737226373946,0.39814059772063487,81.03594265717786,40.75957135329569,True,0.10471144115699671,0.07431100068701628,-0.04093544384468642,0.2503583261586798,True,0.18867345473492822,0.11011201441846018,-0.027142127790408865,0.4044890372602653,77.80323118299972,True
8,1,0.15,0.19371980676328499,0.04330123207801157,0.10884939189038231,0.27859022163618763,True,0.3045516087527839,0.07116727766480607,0.16506630765200223,0.4440369098535656,139.93003080523243,18.84588824238228,True,0.24635649223499068,0.06364043748913081,0.12162352679592162,0.37108945767405976,True,0.2920518027790555,0.06526041407305871,0.16414374157968953,0.4199598639784215,191.2365319759613,True
8,2,0.15,0.17541080657290514,0.04362483958390045,0.08990612098846026,0.26091549215735,True,0.13187860333346624,0.0840111910440249,-0.032780305411136496,0.296537512078069,126.66356972755507,19.94233940185386,True,0.1362276311330723,0.06624991614501426,0.006380181510045685,0.26607508075609887,True,0.1161305433829353,0.08565556330961689,-0.05175127577940428,0.28401236254527484,115.76172268818384,True
8,3,0.15,0.08283313325330133,0.04315915358309349,-0.0017588077695619153,0.16742507427616457,True,0.09616496103918343,0.08496804334583118,-0.07036934375548387,0.2626992658338507,96.37548126662352,26.284528728523675,True,0.041264043316256216,0.0720145084472055,-0.09988179960462207,0.1824098862371345,True,0.0812410835192652,0.08145368856343128,-0.0784052124730022,0.2408873795115326,117.57134381301995,True
8,4,0.15,0.17678682858925743,0.04320931572172257,0.0920965697746812,0.2614770874038337,True,0.25566136988686616,0.08443992937539659,0.09016214945398313,0.4211605903197492,114.65707188131624,18.993012207919215,True,0.1771280733130986,0.0748061542251775,0.030510705209801897,0.3237454414163953,True,0.23885685130691556,0.08294184197465156,0.07629382822518599,0.4014198743886451,138.53337704846103,True
8,5,0.15,0.19322836661546344,0.043415208843724525,0.10813455728176338,0.27832217594916353,True,0.21424613502953366,0.0826937527456691,0.05216935790156199,0.37632291215750535,90.92951836615194,29.001501787929595,True,0.15881474637509657,0.07080164213491655,0.020046077744366564,0.2975834150058266,True,0.20820933660237098,0.09412719008875985,0.023723434062446147,0.3926952391422958,95.82359018668758,True
8,6,0.15,0.1668268306746108,0.04310544937311284,0.08234014990330962,0.25131351144591196,True,0.25292056546228575,0.06640769275861781,0.1227638793589935,0.38307725156557804,123.32034540274601,16.411167880371014,True,0.1634527463635349,0.06360184570595567,0.03879541942958829,0.2881100732974815,True,0.2343525073156731,0.06933187219206483,0.09846453483849193,0.37024047979285424,114.90950419000112,True
8,7,0.15,0.13972708053046323,0.044062366626712174,0.053364841942107374,0.22608931911881908,True,0.1284058748988095,0.07780690047360739,-0.02409284777815346,0.28090459757577246,105.88346921726237,33.7199449073141,True,0.18255700203040687,0.06761577131002709,0.0500325254758571,0.3150814785849566,True,0.1203014221266573,0.10814988058224766,-0.09166844874685583,0.33227129300017044,62.45281779193091,True
8,8,0.15,0.10341228422320353,0.04377335476841343,0.017616508877113204,0.18920805956929387,True,0.060293855697681475,0.09549267139334414,-0.12686834102079134,0.2474560524161543,114.63236672978228,23.823986908949998,True,0.08499078672215171,0.07098573096075242,-0.054138689377172866,0.2241202628214763,True,0.07703245830597269,0.09060746735162072,-0.10055491443359271,0.2546198310455381,139.58131739590698,True
8,9,0.15,0.14193879350422417,0.044008187649339614,0.05568274571151853,0.2281948412969298,True,0.06544971622671647,0.07390919561994187,-0.0794096453146951,0.21030907776812804,137.28729237936142,14.044319084480529,True,0.051033850891691934,0.07087272007109391,-0.08787412793404115,0.18994182971742501,True,0.056885508420549374,0.07441704621956333,-0.08896922200564733,0.20274023884674608,134.07860372726748,True
9,0,0.15,0.21608643457382953,0.05547510270318484,0.10735523327558724,0.3248176358720718,True,0.16280723225867472,0.1326535247189917,-0.0971888986128428,0.42280336313019223,34.900986394262304,21.49769068447582,True,0.26858890953988623,0.10231105394034637,0.06806292859647256,0.4691148904832999,True,0.2098807105550763,0.11170012181003394,-0.009047505261327221,0.4288089263714798,41.316249080329044,True
9,1,0.15,0.22356902356902353,0.055659433254495454,0.11447653439021244,0.3326615127478346,True,0.5006357427976164,0.11865158729450341,0.26808290499187937,0.7331885806033533,23.310714228925946,50.60324655705609,True,0.2997931425487439,0.09515666246392666,0.1132895112304132,0.4862967738670746,True,0.4005735340648525,0.10929454454253636,0.18636016305477254,0.6147869050749325,29.05283033462557,True
9,2,0.15,0.0695234708392603,0.055388116252755304,-0.03903723701614009,0.1780841786946607,True,0.3093376195217252,0.13772703960067223,0.03939758220708589,0.5792776568363646,36.80179186187717,29.572472448416313,True,0.22129655695355022,0.09436112319065165,0.036352153959125694,0.4062409599479747,True,0.3057111226120293,0.1508851181372147,0.009981725260017227,0.6014405199640414,37.831978450814404,True
9,3,0.15,0.13804713804713803,0.05641600906355064,0.027471760282578778,0.24862251581169728,True,-0.11195021230298874,0.16148474320655748,-0.42845449304054056,0.20455406843456309,32.03248026035712,24.758384704705097,True,0.17046986431328914,0.10610395100886996,-0.03749005828149832,0.3784297869080766,True,0.02699048046942551,0.14279980025777547,-0.25289198503532795,0.3068729459741789,48.98327592961067,True
9,4,0.15,0.1283239053939691,0.0572131677991477,0.016186096507639608,0.24046171428029858,True,0.15675305460979058,0.14142007111087235,-0.12042519145861255,0.43393130067819374,34.98294428063643,24.30105709242085,True,0.1074314284417881,0.1155491289466409,-0.1190407027386027,0.3339035596221789,True,0.15149281750325183,0.15506813578631645,-0.15243514378769513,0.4554207787941988,40.4896140404525,True
9,5,0.15,0.16825511540719995,0.05712974803091255,0.05628080926661136,0.2802294215477885,True,0.2022328092255416,0.15210179184983957,-0.0958812247841519,0.5003468432352352,32.211222251824516,26.29750399328963,True,0.22020453217045666,0.10108545676129246,0.022080677557542533,0.4183283867833708,True,0.16705684758046688,0.12839338315936943,-0.08458955926514869,0.41870325442608247,54.4837751370319,True
9,6,0.15,0.05517241379310345,0.05592263420796965,-0.05443594925451706,0.16478077684072395,True,-0.050740135483834076,0.1469500280996463,-0.3387568980862897,0.2372766271186216,31.189827138130898,27.83472227231412,True,-0.09611609002375729,0.08580474220561202,-0.26429029444950075,0.07205811440198617,True,-0.02427919084702146,0.12571711671286548,-0.27068021184445634,0.2221218301504134,50.41256487960294,True
9,7,0.15,0.11323692992213569,0.056399084210886,0.0026947248687991393,0.22377913497547225,True,0.07988277645600689,0.14703130436153714,-0.20829328469255287,0.36805883760456665,35.63107191406632,31.27735079856436,True,-0.09575392855554232,0.09325165814828862,-0.2785238200248291,0.08701596291374444,True,0.2294063330183754,0.20216950390101054,-0.16683861339993525,0.6256512794366861,24.20580039163741,True
9,8,0.15,0.264423076923077,0.053366168582184334,0.15982538650199568,0.3690207673441583,True,0.09509132298822706,0.12420023353623579,-0.14833666161425887,0.338519307590713,50.56213363142778,16.777940036571586,True,0.14884867814593475,0.08528878902278593,-0.018314276623760783,0.3160116329156303,True,0.0728748048293413,0.11532696743735368,-0.15316189779409548,0.29891150745277806,43.55286806698163,True
9,9,0.15,0.2756673743168164,0.05304665474073679,0.17169593102497233,0.37963881760866053,True,0.1104226128850748,0.13983509622452284,-0.16364913948968288,0.3844943652598325,34.420330003374595,31.267619823869385,True,0.2328939531245069,0.0879797743619116,0.060456764007199765,0.405331142241814,True,0.10953034097177128,0.14414968720455487,-0.17299785433187054,0.3920585362754131,35.9975504412264,True
10,0,0.15,0.17931432973805855,0.043118370441928816,0.09480232367187807,0.26382633580423903,True,0.2725778939565308,0.1582616041222661,-0.03760915025864647,0.5827649381717082,27.195027609298574,83.74575155677122,True,0.08123089192788807,0.08922308770957312,-0.09364314657233358,0.2561049304281097,True,0.19127222875918767,0.1419357533308911,-0.0869167358879199,0.4694611934062952,42.40931268190675,True
10,1,0.15,0.2096618357487922,0.04352617593058603,0.12435053092484359,0.2949731405727408,True,0.40860131987915715,0.10056517223994432,0.21149720418979906,0.6057054355685152,47.997420609982626,45.73391467106997,True,0.27586330088846206,0.0769803264961261,0.12498463343792046,0.4267419683390037,True,0.36790707586555677,0.09213637652679806,0.18732309620701093,0.5484910555241026,90.90957720583124,True
10,2,0.15,0.1955871293940703,0.04370559793872784,0.10992415743416374,0.2812501013539769,True,0.13837754499118415,0.12061238685635077,-0.09801838933667553,0.3747734793190438,51.093000008656006,42.82932298350628,True,0.16040657422645416,0.07965560503025473,0.004284457200407321,0.316528691252501,True,0.11543214478690224,0.13586632935331516,-0.1508609674572527,0.38172525703105714,48.12340700642439,True
10,3,0.15,0.05914365746298522,0.04341119915317967,-0.02594229287724692,0.14422960780321736,True,-0.03173723974099185,0.142688991039108,-0.31140252316800204,0.24792804368601834,33.75438572254914,54.14345697853756,True,-0.02750640686159672,0.08971733683595491,-0.20334915584891708,0.14833634212572364,True,-0.02079435918236853,0.11962122225216905,-0.25524764658328114,0.2136589282185441,48.728436066895874,True
10,4,0.15,0.1446903150450407,0.043655644679822136,0.05912525147258932,0.2302553786174921,True,0.2797645290303392,0.1360311774607563,0.013148320432680105,0.5463807376279983,41.94694832622673,43.48259257401385,True,0.12206459309998363,0.09419693811030526,-0.06255801305016312,0.3066871992501304,True,0.23573744835592583,0.11663819109900345,0.007130794579978783,0.4643441021318729,67.26523570060846,True
10,5,0.15,0.19316436251920127,0.04347166304890707,0.10795990294334343,0.2783688220950591,True,0.3035226685326333,0.12715685886013015,0.05429980477953536,0.5527455322857313,32.208426995343686,55.60092442304027,True,0.16392399646590844,0.08582106343661462,-0.004282196984783493,0.33213018991660037,True,0.27148419797614287,0.1329803587799277,0.010847484116269845,0.532120911836016,34.01115170506012,True
10,6,0.15,0.1859504132231405,0.04320453341279207,0.10126952773406804,0.2706312987122129,True,0.23628639671473278,0.12264060211198345,-0.0040847664670616846,0.47665755989652725,47.12666027790342,35.552779790641885,True,0.14020305574058164,0.07790178424052668,-0.01248163570226063,0.2928877471834239,True,0.16049911660707353,0.1285730697458181,-0.09149946947648643,0.41249770269063346,49.73563135364596,True
10,7,0.15,0.1619578448331091,0.04414268791161308,0.07543817652634748,0.2484775131398707,True,0.06594130172222101,0.11087148823987858,-0.15136282214029714,0.2832454255847392,42.42329164447615,63.268037300904936,True,0.17166402690412313,0.08305191865085915,0.008885257501488802,0.33444279630675744,True,0.11986720915498686,0.1394613529985818,-0.15347201995746054,0.3932064382674343,37.62165149374816,True
10,8,0.15,0.11328783621035732,0.04401057053252665,0.02702711796660509,0.19954855445410954,True,-0.009504933574064178,0.1591604416367259,-0.32145366694553623,0.3024437997974079,39.835791934373454,57.87723070902066,True,0.10887884885504262,0.0892436290822857,-0.0660354499958887,0.28379314770597397,True,0.051424853769428375,0.13634064852037922,-0.2157979069593491,0.3186476144982059,66.72297449906316,True
10,9,0.15,0.15065967713493317,0.04404433055680969,0.06433278924358618,0.23698656502628015,True,0.020728541113619325,0.10137194987773038,-0.17795682968933174,0.2194139119165704,61.63646252650827,29.402446894056695,True,0.025656040930243262,0.07889073362743797,-0.12896695569347807,0.1802790375539646,True,0.018942987303419083,0.10184258692968004,-0.18066481517114344,0.21855078977798162,66.1399407273205,True
11,0,0.15,0.19999999999999996,0.0989743318610787,0.006010309552285709,0.3939896904477142,True,0.31734911450574943,0.12960912107594263,0.06331990512901059,0.5713783238824883,31.230052691651334,12.393414972542399,True,0.21410572192193533,0.146060922612081,-0.07216842594643541,0.5003798697903061,True,0.25214545216308343,0.12727814956628286,0.002684862994266707,0.5016060413319001,32.62973650373574,True
11,1,0.15,0.26776395022079486,0.09565889942191627,0.08027250735383898,0.45525539308775076,True,0.30767861704696875,0.12934161629530475,0.05417370740597249,0.561183526687965,34.471400896355725,10.78459055637057,True,0.22440636199526182,0.1310365165371166,-0.0324204910770739,0.48123321506759753,True,0.2730911942490755,0.1257419826097074,0.02664143698938723,0.5195409515087638,18.41484911256187,True
11,2,0.15,0.24,0.09389529557231419,0.05596522067826418,0.42403477932173583,True,0.14825807677075042,0.16823941044886115,-0.18148510848926908,0.4780012620307699,35.25545116939515,6.896641814275085,True,0.1104395721558834,0.13875142889889788,-0.16150823128942648,0.3823873756011933,True,0.05397137265589584,0.14509231468480568,-0.2304043385598753,0.338347083871667,39.12444416805675,True
11,3,0.15,0.08080808080808077,0.0994834121393546,-0.11417940698505424,0.2757955686012158,True,0.05597640030154849,0.17617172431159614,-0.2893138344434994,0.4012666350465964,30.550700866430233,7.70171620387941,True,0.016045487581040185,0.15586829194867213,-0.2894507509701317,0.32154172613221205,True,-0.03159018464552841,0.13673621883231263,-0.2995882489390487,0.23640787964799184,47.54928699706931,True
11,4,0.15,0.3221288515406162,0.09496893089433257,0.13598974698772437,0.508267956093508,True,0.2044467480528343,0.15166496902421428,-0.09281112895100857,0.5017046250566772,48.61684084217034,4.875317204028865,True,0.21487904848688916,0.13823730155557762,-0.05606108388204578,0.4858191808558241,True,0.17512204699610642,0.1405936996347671,-0.1004365407412792,0.45068063473349207,47.75814300181676,True
11,5,0.15,0.1760704281712685,0.09753050926883625,-0.015089369995650526,0.3672302263381875,True,0.050997326510353824,0.1647282325467982,-0.27186407651830935,0.373858729539017,32.65864005566686,6.55562091859116,True,0.06151673600912633,0.125613786235787,-0.18468176097472938,0.30771523299298204,True,0.0545104834649425,0.14328624359390751,-0.2263253934591493,0.3353463603890343,54.38513546070642,True
11,6,0.15,0.02047370533922116,0.09506218074527684,-0.16584816892152143,0.20679557959996375,True,-0.22644790683939656,0.1581777656839758,-0.5364706307350048,0.08357481705621164,32.577035932697996,6.974704943645266,True,-0.13392075641709478,0.09895686497785036,-0.32787264779667447,0.06003113496248494,True,-0.15184431632834633,0.13023346970597185,-0.40709722653373936,0.1034085938770467,53.78421119014227,True
11,7,0.15,-0.004040404040404066,0.09855604781939771,-0.19721025776642356,0.18912944968561543,True,-0.15166159514600688,0.16820280362965986,-0.4813330323588033,0.17800984206678952,31.352728280644335,6.836574224501481,True,-0.09372592100219954,0.12214905999482369,-0.3331336793374763,0.1456818373330772,True,-0.053424029675525675,0.1355978985342603,-0.31919102718199244,0.2123429678309411,48.11322479974761,True
11,8,0.15,0.07051282051282054,0.09720497744486296,-0.12000893527911086,0.2610345763047519,True,-0.011647877112294591,0.12390895308001898,-0.2545049625111952,0.23120920828660602,46.03449760783888,6.6850079189511025,True,-0.004214580972204396,0.12182043313565223,-0.24297824249915256,0.23454908055474377,True,0.056843265743891175,0.13452809022966486,-0.20682694601520665,0.320513477502989,43.59951031896157,True
11,9,0.15,-0.022408963585434205,0.10026954860407337,-0.21893727884941802,0.1741193516785496,True,0.00447183187420741,0.19311475486603177,-0.374026132546496,0.38296979629491085,28.316922859391635,13.496274942422842,True,0.02172255341161433,0.14755867726803384,-0.2674871396401012,0.31093224646332984,True,-0.06574114228999076,0.16752120346106475,-0.39407666772048433,0.26259438314050276,29.742706926298915,True
12,0,0.15,0.14420341394025604,0.05634150035033289,0.033774073253603584,0.2546327546269085,True,0.00422461597897672,0.10143094748878619,-0.19457638801681765,0.2030256199747711,91.24824158904372,10.517641506072446,True,0.023659017437633156,0.08398671000111373,-0.1409519093445597,0.188269944219826,True,0.019047590507252084,0.09125165656490752,-0.15980236988958466,0.1978975509040888,120.64152027401235,True
12,1,0.15,0.10572390572390572,0.05738797449523612,-0.006756524286757062,0.2182043357345685,True,0.09114516172336329,0.08272086547632751,-0.07098475538022136,0.25327507882694794,126.8614153119727,8.763108097320835,True,0.09040200596313108,0.08305681581736757,-0.07238636170948604,0.2531903736357482,True,0.08756664987762859,0.08809848667773588,-0.08510321110321549,0.26023651085847266,172.1914736069968,True
12,2,0.15,0.246126744658747,0.05612088293953262,0.13612981409726307,0.3561236752202309,True,0.2150986353342103,0.08270527387792609,0.052999277201953854,0.37719799346646676,117.06275191804548,9.779125555586855,True,0.27313824409501064,0.0827936147514935,0.11086574103219926,0.435410747157822,True,0.23120772076347962,0.09280522443317948,0.04931282329729117,0.4131026182296681,120.29346391310064,True
12,3,0.15,0.1495695839311334,0.056487574564274855,0.03885393778515468,0.26028523007711213,True,-0.01762450668733101,0.08623594784320747,-0.1866438586326922,0.15139484525803018,94.81298391059838,12.925080772033535,True,0.028311621042728385,0.09084271040187801,-0.14973681960295465,0.20636006168841142,True,-0.03514246490745536,0.08772070426381492,-0.20707188596302178,0.13678695614811104,89.70941164452925,True
12,4,0.15,0.004800853485064038,0.05736348196943611,-0.10763157117503074,0.11723327814515881,True,0.02915662783115952,0.08913987017929928,-0.14555430730684304,0.20386756296916209,105.51950576311656,15.01601719692709,True,0.004708868043695469,0.0850836934760852,-0.16205210684107707,0.171469842928468,True,0.026219039982369467,0.09241787672073566,-0.1549166699179351,0.20735474988267402,98.78608760067023,True
12,5,0.15,0.17096081588835216,0.05697614687207627,0.059287568019082665,0.2826340637576217,True,0.1839855385250051,0.0960830862283701,-0.004333850006056766,0.372304927056067,103.23458941498296,11.687913648574625,True,0.14226830742094349,0.0855682097630906,-0.02544230193628272,0.3099789167781697,True,0.17631561533453796,0.08881220571883651,0.002246890738056173,0.35038433993101975,121.41311466428624,True
12,6,0.15,0.09999999999999998,0.0563810409162063,-0.010506840195764366,0.21050684019576432,True,0.05472804666122094,0.08689928195797517,-0.1155914162588017,0.2250475095812436,108.29930129641829,7.739239214634357,True,0.11649416882939828,0.0760702988272401,-0.03260087716519183,0.2655892148239884,True,0.056590975964211546,0.08332538560527956,-0.10672377882004865,0.21990573074847175,121.11033502514229,True
12,7,0.15,0.1767849984410494,0.055848481362533516,0.0673219749704837,0.2862480219116151,True,0.30776147770506884,0.08693701713003442,0.13736805520685966,0.478154900203278,86.56830378032504,20.009165413219925,True,0.31487774744160174,0.08720889242128334,0.14395145916425833,0.48580403571894515,True,0.37265940414566723,0.09710680158186621,0.1823335703913323,0.5629852379000022,46.49921037319222,True
12,8,0.15,0.2033589731919348,0.05662399248275107,0.0923759479257427,0.3143419984581269,True,0.20666267839133173,0.08790352723560065,0.03437493089551874,0.3789504258871447,117.50947933045009,7.1894118958247555,True,0.20450111007204685,0.0804947632607958,0.04673427313680917,0.36226794700728454,True,0.21815443393276657,0.0838340225152241,0.05384276912380734,0.38246609874172577,131.13972424095314,True
12,9,0.15,0.23560349438402567,0.055239908078217693,0.127333274550719,0.34387371421733237,True,0.213047236955613,0.08212234076491422,0.05209040673025564,0.37400406718097035,114.55430891637033,10.59292590180356,True,0.16405098760635234,0.09076200037794502,-0.013839264299230658,0.34194123951193534,True,0.19402040680929272,0.08920659786752869,0.0191786878055889,0.36886212581299654,140.98315339828557,True
13,0,0.15,0.06988727858293076,0.04373482347685919,-0.01583297543171326,0.15560753259757476,True,0.1491876429120358,0.060910731301257,0.02980480328957552,0.26857048253449606,212.25603127945953,7.837974125129822,True,0.11953984325323075,0.06077460805780637,0.00042380028539250325,0.23865588622106898,True,0.1507738199791649,0.06256388286543736,0.028150862829925072,0.2733967771284047,213.58329346000824,True
13,1,0.15,0.07433027493554945,0.043518975896339566,-0.01096691782127611,0.159627467692375,True,0.09207330492550836,0.06757447503069956,-0.04037023240886395,0.22451684225988067,174.2838671765139,15.433138872650629,True,0.07820226477170955,0.06742870824434243,-0.05395557491126063,0.21036010445467973,True,0.12719700076306603,0.07100290420658216,-0.011966134279582513,0.2663601358057146,168.00324666258354,True
13,2,0.15,0.08429487179487177,0.043676878806147616,-0.0013118106651775485,0.1699015542549211,True,0.1685988450393095,0.07878280988455857,0.014187375064708518,0.3230103150139105,146.51731669761517,17.897640686290444,True,0.18301549723420346,0.05944550703629153,0.06650444440034971,0.29952655006805723,True,0.15802020007392037,0.07675976617790932,0.007573822903502336,0.3084665772443384,166.06422269865683,True
13,3,0.15,0.18228366615463393,0.04301471190637182,0.09797483081814516,0.2665925014911227,True,0.2565423142549783,0.0693827422381574,0.12055463831956384,0.3925299901903928,173.49754922645735,9.47101320919813,True,0.2690934473154217,0.0695729470150863,0.13273297686753907,0.4054539177633043,True,0.2427569096971282,0.06584902036704869,0.11369520136046829,0.37181861803378813,175.16558484880971,True
13,4,0.15,0.14572211802048768,0.04319150700766932,0.06106676428545581,0.23037747175551954,True,0.06587865313016478,0.06465761530474448,-0.06084794419338019,0.19260525045370974,186.86731746930604,14.902121223624404,True,0.12124932505483121,0.05897490237737592,0.005660640403408801,0.23683800970625363,True,0.07024504872069354,0.07183252427169846,-0.07054411177043474,0.2110342092118218,156.24271702526949,True
13,5,0.15,0.13239014486214729,0.04360229507241297,0.04692964652021786,0.2178506432040767,True,0.1552998315957822,0.06355423749160716,0.030735815047326948,0.2798638481442375,208.92487097847626,8.592130168486353,True,0.1598638304750214,0.06251097352285855,0.037344573731681735,0.28238308721836103,True,0.15804451791917176,0.06780714903252885,0.025144947921075245,0.2909440879172683,219.9107470235848,True
13,6,0.15,0.14799999999999996,0.043509496724518475,0.06272138641994375,0.2332786135800562,True,0.1799509440495003,0.0579860853376646,0.06630030518321159,0.293601582915789,237.14589636990235,8.749592765176995,True,0.17101721342576565,0.05845405272616143,0.056449375332083884,0.2855850515194474,True,0.19612347950068032,0.06031522427720831,0.07790781219789611,0.31433914680346453,237.79511494355415,True
13,7,0.15,0.10224358974358971,0.04329693011778362,0.017381606712733824,0.18710557277444562,True,0.17029323259825296,0.06875349688143086,0.03553885489946157,0.30504761029704436,183.88129923176479,10.346163718675433,True,0.16408526043718968,0.06661939169568265,0.03351365204168494,0.29465686883269443,True,0.13501006690090872,0.07243194985483999,-0.006953946144588857,0.2769740799464063,142.7800706703334,True
13,8,0.15,0.1416495901639344,0.043061823110436145,0.05724841686747957,0.22605076346038927,True,0.12057622751489266,0.061993009492166816,-0.0009278383830040038,0.24208029341278933,241.13189969720904,7.694221552372637,True,0.12845281627521332,0.061813338857023246,0.007300898351277493,0.24960473419914914,True,0.11023412439258462,0.06308098059904534,-0.013402325691014128,0.23387057447618337,220.42995054255533,True
13,9,0.15,0.09470163703573314,0.04344520352687795,0.009549038123052356,0.17985423594841393,True,0.199003151043804,0.055923671680534186,0.08939476866671445,0.30861153342089354,185.98573504466395,19.41068328880134,True,0.16088568495390698,0.057393308519858806,0.04839686730138788,0.2733745026064261,True,0.19503466521417256,0.05839821140580882,0.08057627409723107,0.30949305633111407,183.73421267915109,True
14,0,0.1485749961993108,0.18073896225156727,0.054403534988641665,0.0741080336738296,0.2873698908293049,True,0.15179819197729827,0.06370592366882635,0.026936875984540837,0.2766595079700557,160.80827792665625,5.5303019407082505,True,0.20013931727794915,0.06746960664562082,0.06790131820144804,0.3323773163544502,True,0.15540711829303522,0.06812247859453334,0.021889513710149106,0.2889247228759213,149.05045765262705,True
14,1,0.15249556175782067,0.22626262626262628,0.055281694985203474,0.11791050409162747,0.3346147484336251,True,0.29385895559645253,0.06925771554523943,0.15811632747626342,0.42960158371664164,158.13092691333412,8.768786617857444,True,0.2771045704098816,0.06837349523212971,0.14309498225778627,0.411114158561977,True,0.2825969229424065,0.06463117237051254,0.15592215281760172,0.40927169306721134,163.61888800045892,True
14,2,0.1468546514346164,0.16376244665718348,0.05576985354102325,0.05445353371677791,0.27307135959758905,True,0.20745621358836092,0.06739525187583659,0.07536394718271569,0.33954847999400617,175.55066386712053,5.833486922991815,True,0.2079294788318581,0.06846669895391502,0.07373721474183847,0.34212174292187775,True,0.22114314382264072,0.06948786208224149,0.08494943677876096,0.35733685086652045,174.58247114206267,True
14,3,0.15460669716357173,0.11043771043771039,0.05545026566568594,0.0017551897329659422,0.21912023114245482,True,0.0847998259306022,0.07360764455296845,-0.059468506380041836,0.22906815824124624,173.01763938247674,6.285160046556682,True,0.13230475340362763,0.0655528619956671,0.003823504808595668,0.2607860019986596,True,0.10425932446139438,0.07448455924792018,-0.041727729068868985,0.2502463779916577,178.00974445539157,True
14,4,0.1481230231083886,0.18177364037236649,0.0567543284998921,0.07053515651257797,0.293012124232155,True,0.1771720595919482,0.0708381223285311,0.03833189109558463,0.31601222808831175,172.12556414159894,6.338136715977031,True,0.12957177149479976,0.07101346818442597,-0.009612068563956133,0.26875561155355565,True,0.13826746194468892,0.07232448664966382,-0.0034859270890001126,0.2800208509783779,167.12644779479126,True
14,5,0.1510229328503194,0.1655901350557839,0.05644066571117344,0.05496643026188397,0.27621383984968384,True,0.13546625627136805,0.06843048158708592,0.001344976915948315,0.2695875356267878,161.92797420700134,6.252548476730226,True,0.14764003219176647,0.06742645155232022,0.01548661554388403,0.2797934488396489,True,0.14326295633146577,0.0715764191655071,0.0029757526247293775,0.28355016003820216,163.38795726365817,True
14,6,0.1525145199269895,0.0952169076751947,0.05569993010942225,-0.01395495533927292,0.20438877068966232,True,0.02749146004903219,0.06565597227007888,-0.10119188097028292,0.1561748010683473,178.89874262948186,5.847798789173374,True,0.008906701272910766,0.06839892040718785,-0.12515271930659916,0.1429661218524207,True,0.028085839572852867,0.06737320154236492,-0.10396320897334081,0.16013488811904655,188.91952691856642,True
14,7,0.14883764127759952,0.20355951056729693,0.05636552814123156,0.09308307541048308,0.31403594572411075,True,0.13757396551674994,0.07321685130340437,-0.005928426099347128,0.281076357132847,173.4267088742753,7.380631486674026,True,0.10813939106178982,0.07281523151286413,-0.03457584022936988,0.25085462235294953,True,0.16964775878284138,0.08730662621318339,-0.0014700842066986686,0.34076560177238147,156.87128682013747,True
14,8,0.15300555436080335,0.20726495726495725,0.052815654010125584,0.10374627540511111,0.3107836391248034,True,0.1416471724429576,0.06078096365730508,0.022518672729001724,0.2607756721569135,201.9736054204636,4.238422162200528,True,0.1204966168020273,0.0598261801134028,0.0032394584471514137,0.2377537751569032,True,0.12052431900508634,0.061976393438782924,-0.000947180026612704,0.24199581803678538,189.85840979950572,True
14,9,0.15017165138826627,0.23596368399656717,0.05259060827676352,0.13288609177411068,0.3390412762190237,True,0.2127713336941828,0.0673387170949242,0.0807898734229997,0.3447527939653659,164.58923962555596,7.0259133353507455,True,0.19619796208886392,0.06260347586330332,0.07349740408976684,0.318898520087961,True,0.20168628521905235,0.06817429835816709,0.06806711576575672,0.33530545467234796,154.78442464769728,True
15,0,0.1485749961993108,0.20194744564492462,0.055133324778202875,0.09388612907964698,0.31000876221020224,True,0.11488625858408089,0.08460897325006529,-0.050944281754959936,0.28071679892312174,79.80225047064052,11.201013148817575,True,0.22911030825706188,0.08422055982430061,0.06404104424363166,0.3941795722704921,True,0.13318789383021606,0.09275816049253567,-0.04861476000733997,0.3149905476677721,75.91182381918932,True
15,1,0.15249556175782067,0.24444444444444446,0.05523305658817821,0.13618765353161516,0.35270123535727377,True,0.350234114116459,0.08748389096791014,0.1787688385919262,0.5216993896409918,66.80400964211844,23.471931687025094,True,0.2927803752004019,0.08194609046051893,0.1321689892239235,0.4533917611768803,True,0.32060442004084877,0.08378153725530821,0.1563956244510439,0.4848132156306536,77.64460104577307,True
15,2,0.1468546514346164,0.15700568990042674,0.05574478841747836,0.047745904602169154,0.2662654751986843,True,0.22409377484446727,0.09208712184391873,0.043606332590434865,0.4045812170984997,86.62219858262551,13.914674357413407,True,0.19597887870724143,0.07582427558666002,0.047366029403548116,0.34459172801093474,True,0.23823489729290628,0.09789469583088217,0.04636481918687385,0.4301049753989387,84.61603177496262,True
15,3,0.15460669716357173,0.1292929292929293,0.056202149167574524,0.019136716924483224,0.23944914166137538,True,-0.10007523285441094,0.1004491815786898,-0.2969520110251672,0.09680154531634533,81.43011061470854,12.668318515048385,True,0.023184141953709547,0.0784375484991878,-0.13055062814031232,0.1769189120477314,True,-0.05291288688678426,0.09389306651791522,-0.23693991565992173,0.13111414188635317,94.27862710544338,True
15,4,0.1481230231083886,0.2173622555788161,0.056545288187231625,0.10653349073184212,0.32819102042579007,True,0.24275322201255445,0.09515386594984965,0.05625507176109695,0.42925137226401194,82.71383837305825,13.083461689860775,True,0.19097588751385702,0.08596482684597526,0.02248792295852356,0.3594638520691905,True,0.21323940929910606,0.10403407326575974,0.009336372533215703,0.4171424460649964,82.29279693741208,True
15,5,0.1510229328503194,0.15375581552915668,0.05667281827003896,0.04267709171988031,0.26483453933843304,True,0.08710062564213628,0.09046071039493912,-0.0901991087478525,0.2644003600321251,80.86048364148957,13.476353168604978,True,0.1506317507997435,0.07819390912157784,-0.002625494888947061,0.30388899648843404,True,0.09609123809838285,0.08963438569836604,-0.07958892964678668,0.2717714058435524,94.70358195033732,True
15,6,0.1525145199269895,0.08186874304783093,0.05578503054957172,-0.027469916829329644,0.1912074029249915,True,0.07088075764747309,0.09503427421965577,-0.11538299711995556,0.25714451241490177,82.31613680383995,13.47347409333316,True,0.02257665817521398,0.08249307694862003,-0.13910680161797262,0.18426011796840058,True,0.057015661597660514,0.09324591902544191,-0.12574298139754386,0.23977430459286486,101.88254445595598,True
15,7,0.14883764127759952,0.1906562847608454,0.0564278306738618,0.08005773664007627,0.30125483288161453,True,0.12403364884203266,0.10441747793432309,-0.08062084726574639,0.3286881449498117,83.93027256745778,16.737211946495897,True,0.030068188051051603,0.08533474312402849,-0.13718483510202126,0.19732121120412446,True,0.20229127841641573,0.14424840543568362,-0.08043040106485597,0.4850129578976874,63.607653540484,True
15,8,0.15300555436080335,0.24572649572649574,0.05305604073088119,0.1417366558939686,0.3497163355590229,True,0.09565071961413465,0.08015987835244973,-0.061459754961778745,0.25276119419004806,108.73129081658443,8.958407499173589,True,0.05190577787986317,0.07274360712806234,-0.09066907219667017,0.1944806279563965,True,0.055563831423387305,0.07967604073179041,-0.10059833884166827,0.21172600168844288,93.7933070818647,True
15,9,0.15017165138826627,0.253715163286508,0.05267376267019599,0.15047458845292389,0.3569557381200921,True,0.212801764969256,0.09344769973385397,0.029647639052789027,0.395955890885723,80.096602140724,15.710908683236587,True,0.20632107998217508,0.07298329639093973,0.06327644758292111,0.34936571238142905,True,0.1851259633499896,0.10133019875407712,-0.013477576754287013,0.3837295034542662,73.96809722689613,True
16,0,-5.0,-5.287002367054654,1.1909387348518414,-7.621242287364264,-2.9527624467450453,True,-4.839613271418102,1.5113514702077715,-7.801807721006995,-1.8774188218292096,160.80827792665625,5.5303019407082505,True,,,,,False,-5.202918927411529,1.5730049438793925,-8.285951964918588,-2.119885889904471,149.05045765262705,True
16,1,-5.0,-4.509207005294556,1.1352098628897438,-6.734218336558454,-2.284195674030658,True,-3.6338341212015237,1.4630141324182764,-6.5012891296144595,-0.7663791127885884,158.13092691333412,8.768786617857444,True,,,,,False,-3.8286555973946284,1.4359998587921532,-6.6431636024318514,-1.0141475923574048,163.61888800045892,True
16,2,-5.0,-4.006431366358882,1.2379643775440823,-6.4328415463452835,-1.580021186372481,True,-2.725525445551888,1.5927918205673806,-5.847340048733939,0.39628915763016215,175.55066386712053,5.833486922991815,True,,,,,False,-2.6286206089362216,1.6712338693856084,-5.904178802675531,0.6469375848030876,174.58247114206267,True
16,3,-5.0,-3.8479850006910397,1.145898765902298,-6.093946581859544,-1.6020234195225354,True,-2.849248619728243,1.4390488122113445,-5.669732463657622,-0.028764775798864495,173.01763938247674,6.285160046556682,True,,,,,False,-2.356818751377478,1.4748431752818307,-5.247458257774561,0.5338207550196041,178.00974445539157,True
16,4,-5.0,-3.7362200663734058,1.1410107167902566,-5.972601071282309,-1.499839061464503,True,-3.2797437426573737,1.3274306865865861,-5.881460080340359,-0.6780274049743884,172.12556414159894,6.338136715977031,True,,,,,False,-4.005751191775517,1.501777638101735,-6.949181275242545,-1.0623211083084896,167.12644779479126,True
16,5,-5.0,-4.8254238432401095,1.2279498918122815,-7.232205631192182,-2.418642055288038,True,-5.539447041462012,1.5358566742543394,-8.549670808415982,-2.5292232745080407,161.92797420700134,6.252548476730226,True,,,,,False,-5.443934822332907,1.4900840475757884,-8.364445889519121,-2.5234237551466934,163.38795726365817,True
16,6,-5.0,-6.682390465759248,1.1739041722843724,-8.983242643436618,-4.381538288081877,True,-6.325114443846651,1.2330151389503128,-8.741779708581914,-3.9084491791113876,178.89874262948186,5.847798789173374,True,,,,,False,-6.379229025398202,1.2794880226620773,-8.886979468466242,-3.871478582330162,188.91952691856642,True
16,7,-5.0,-3.580123379282469,1.2113726285256516,-5.954413731192746,-1.2058330273721918,True,-2.8728659308395805,1.4021566030575479,-5.621042373517399,-0.12468948816176217,173.4267088742753,7.380631486674026,True,,,,,False,-2.5685841046331195,1.326361822517129,-5.1682055072356,0.031037297969360722,156.87128682013747,True
16,8,-5.0,-5.066420940799347,1.1993891893195565,-7.417223751865677,-2.715618129733016,True,-4.133782118940552,1.3574804805765166,-6.794394970586648,-1.473169267294455,201.9736054204636,4.238422162200528,True,,,,,False,-4.170699539724904,1.3991818464566252,-6.9130455666021415,-1.4283535128476665,189.85840979950572,True
16,9,-5.0,-6.899510049568157,1.209264973527841,-9.269669397682724,-4.529350701453589,True,-7.013851127713892,1.4402536098515766,-9.836696331626785,-4.191005923800999,164.58923962555596,7.0259133353507455,True,,,,,False,-6.955412219980228,1.445354181679627,-9.788254360976659,-4.122570078983797,154.78442464769728,True
17,0,-5.0,-5.287002367054654,1.1909387348518414,-7.621242287364264,-2.9527624467450453,True,-4.727436492870709,2.176705194258532,-8.993700278578693,-0.4611727071627234,79.80225047064052,11.201013148817575,True,,,,,False,-5.10564623687782,2.199388426787583,-9.416368341395692,-0.7949241323599479,75.91182381918932,True
17,1,-5.0,-4.509207005294563,1.1352098628897438,-6.734218336558461,-2.284195674030665,True,-2.122365677431347,1.8827748301889338,-5.812536535600174,1.5678051807374795,66.80400964211844,23.471931687025094,True,,,,,False,-2.9104153085609217,1.8714620200666507,-6.578413466326133,0.7575828492042898,77.64460104577307,True
17,2,-5.0,-4.006431366358875,1.2379643775440825,-6.432841546345276,-1.5800211863724734,True,-0.7416737559227471,2.2441270003865195,-5.140081853414229,3.6567343415687352,86.62219858262551,13.914674357413407,True,,,,,False,-0.9826002097100549,2.548490784819502,-5.977550362888496,4.012349943468386,84.61603177496262,True
17,3,-5.0,-3.8479850006910254,1.145898765902298,-6.09394658185953,-1.6020234195225211,True,-1.9061640436128258,1.9102796106132651,-5.650243280816024,1.8379151935903724,81.43011061470854,12.668318515048385,True,,,,,False,-1.2860877166609008,1.8159183078356624,-4.845222198885718,2.273046765563916,94.27862710544338,True
17,4,-5.0,-3.7362200663734058,1.1410107167902566,-5.972601071282309,-1.499839061464503,True,-3.1772933896234434,1.8562032241166135,-6.815384856879136,0.46079807763224956,82.71383837305825,13.083461689860775,True,,,,,False,-3.898118867054494,2.1094124575910005,-8.03249131247298,0.23625357836399097,82.29279693741208,True
17,5,-5.0,-4.8254238432401095,1.2279498918122815,-7.232205631192182,-2.418642055288038,True,-5.725213670808884,2.0456810175586435,-9.734674789081076,-1.715752552536693,80.86048364148957,13.476353168604978,True,,,,,False,-5.35843978379789,1.8851321789633289,-9.05323096066353,-1.66364860693225,94.70358195033732,True
17,6,-5.0,-6.682390465759248,1.1739041722843724,-8.983242643436618,-4.381538288081877,True,-6.655298658953093,1.4999364685911942,-9.595120116490028,-3.7154772014161583,82.31613680383995,13.47347409333316,True,,,,,False,-6.207386676853988,1.6247407239899607,-9.391819980089842,-3.022953373618132,101.88254445595598,True
17,7,-5.0,-3.5801233792824902,1.2113726285256519,-5.954413731192767,-1.2058330273722127,True,-2.4563853365514348,1.8650399374860342,-6.111796443752896,1.1990257706500262,83.93027256745778,16.737211946495897,True,,,,,False,-1.7156816450316938,1.7569605918401658,-5.159261127294597,1.7278978372312093,63.607653540484,True
17,8,-5.0,-5.066420940799354,1.1993891893195567,-7.417223751865685,-2.7156181297330226,True,-3.973744099043955,1.631915544643648,-7.172239792356572,-0.7752484057313387,108.73129081658443,8.958407499173589,True,,,,,False,-4.09790951202088,1.6941412888321632,-7.4183654228541895,-0.7774536011875712,93.7933070818647,True
17,9,-5.0,-6.899510049568171,1.209264973527841,-9.269669397682739,-4.529350701453604,True,-7.477512952821513,2.015796683183544,-11.428401852016556,-3.5266240536264695,80.096602140724,15.710908683236587,True,,,,,False,-6.89651836218961,1.9313030860158973,-10.681802854011831,-3.1112338703673896,73.96809722689613,True
18,0,0.15,0.175,0.10523173451349145,-0.03125419964644324,0.38125419964644325,True,-0.16069846479018235,0.23932999214448042,-0.629776629813618,0.30837970023325334,22.461838439850386,8.358542714040118,True,0.13324848052392335,0.16729994928741473,-0.19465339469478699,0.4611503557426337,True,0.07404495273586564,0.17885383635268,-0.27650212501220783,0.4245920304839391,13.834353928194302,True
18,1,0.15,0.08585858585858586,0.11240310165184408,-0.13445149337902854,0.3061686650962002,True,-0.047035562532229624,0.2855905602880629,-0.606782775021448,0.5127116499569887,24.836886679675512,8.694601588305224,True,-0.03594802385242318,0.17786489763427937,-0.3845568173295142,0.3126607696246678,True,-0.08197872131261433,0.17105053853311408,-0.41723161637369865,0.25327417374847006,21.66690542218467,True
18,2,0.15,0.2313946216385241,0.10613084673230991,0.023378162043196676,0.43941108123385153,True,0.11974886377006422,0.1863598009142912,-0.24550963418800115,0.4850073617281296,29.835054781137988,5.231818481873496,True,0.29495726476420714,0.13202961796863102,0.03618396865310797,0.5537305608753063,True,0.22888622105970152,0.1464025201754646,-0.05805744573010774,0.5158298878495108,36.421612278338344,True
18,3,0.15,0.2126984126984127,0.10722150172434941,0.002544269318687842,0.42285255607813754,True,-0.08382518648281562,0.18162312261735655,-0.4397999655725366,0.27214959260690536,26.37341010868754,7.416304053792677,True,0.04274920816636024,0.12779997615641603,-0.2077341423252928,0.2932325586580133,True,-0.08692858790668406,0.14986928723929155,-0.3806669932843838,0.20680981747101568,16.58412237104004,True
18,4,0.15,0.015151515151515138,0.11247349566655358,-0.2052965363549299,0.23559956665796017,True,-0.1291392115204425,0.19628419450135726,-0.5138491634775577,0.25557074043667266,22.83794134399917,10.459884858541217,True,-0.0517725515329594,0.16699523889954188,-0.3790772053657237,0.2755321022998049,True,-0.11202410273516847,0.16886247593325868,-0.44298847390461715,0.2189402684342802,23.539884076644988,True
18,5,0.15,-0.040854808296668765,0.11266511754244214,-0.26167843867985535,0.17996882208651782,True,-0.1436098711082831,0.360318110166435,-0.8498203900120311,0.562600647795465,8.568307926155454,16.316323466523457,True,0.12703397690652407,0.16781338880895916,-0.2018742212826528,0.45594217509570095,True,0.046590948349506583,0.21313450892057595,-0.37114501299745317,0.4643269096964663,26.244747614369025,True
18,6,0.15,-0.15344938749194065,0.11324451171217614,-0.3754086304478059,0.0685098554639246,True,-0.2952680742115229,0.20816264893059078,-0.703259369041936,0.11272322061889023,25.951103937321935,6.392096063716826,True,-0.20933952914512038,0.14949865818057056,-0.5023515149161031,0.08367245662586226,True,-0.2542718044451879,0.15814455055934273,-0.5642294278927733,0.05568581900239755,30.994521191275517,True
18,7,0.15,0.09999999999999998,0.112089707663561,-0.11969582702057957,0.3196958270205795,True,0.14152218472164085,0.28000598421424094,-0.40727945979396235,0.690323829237244,19.667422724444815,10.174148859623013,True,0.23109329520744504,0.15590678789233187,-0.0744783940068508,0.5366649844217408,True,0.24221204314120107,0.16845873289029248,-0.08796100620502526,0.5723850924874274,37.4509713165538,True
18,8,0.15,0.19365079365079366,0.10093986669030293,-0.004191345062200091,0.3914929323637874,True,0.20736327666598092,0.13944725366202432,-0.0659483182546079,0.48067487158656974,36.40474226122054,5.394383252154414,True,0.0686892833391283,0.08458541962647369,-0.09709509274596756,0.23447365942422416,True,0.1397508688561261,0.10518827332052641,-0.06641435844806112,0.34591609616031327,48.67154995971942,True
18,9,0.15,0.14898989898989895,0.1087589744125318,-0.06417769085866337,0.3621574888384613,True,0.12906310351858846,0.20047292240832915,-0.2638566042772294,0.5219828113144063,24.739164596934195,10.16610979757682,True,0.1386229302864329,0.13148330102230393,-0.11907960428572129,0.3963254648585871,True,0.08510972611921185,0.1346001147925719,-0.17870165118918602,0.34892110342760974,21.459462476169485,True
19,0,0.15,0.11626278978192522,0.03464632671952084,0.048355989411664385,0.18416959015218606,True,0.3175322802681961,0.15266069836578516,0.018322809616524494,0.6167417509198676,36.481333300851055,60.858166415273814,True,0.2286702697189193,0.07646500312976497,0.07880161750683745,0.37853892193100114,True,0.2947891065294511,0.09674336352625361,0.10517559827472817,0.48440261478417407,82.39343492397771,True
19,1,0.15,0.10848617112413156,0.034755793403019514,0.04036481605421331,0.1766075261940498,True,0.17949819177785226,0.14407440130695004,-0.10288244587794032,0.46187882943364483,39.99936751976314,64.78352516495616,True,0.17444086139896786,0.07295754426513373,0.031446702238818985,0.31743502055911677,True,0.17174287346760228,0.10177507917733451,-0.027732616243685754,0.37121836317889034,90.46197216436832,True
19,2,0.15,0.18241783022945518,0.03435329330883328,0.11508537534414195,0.2497502851147684,True,0.15427176333683956,0.17429815484031946,-0.18734634272197226,0.4958898693956514,31.375902316992764,83.11327419775554,True,0.2444652290483963,0.0745358933838109,0.09837756246060961,0.390552895636183,True,0.2262759253749676,0.15220351224292883,-0.07203747694167406,0.5245893276916093,50.93699756690906,True
19,3,0.15,0.1719171917191719,0.03419539113204995,0.10489422510035401,0.23894015833798982,True,0.1721962279082284,0.19356204805769017,-0.20717841505865545,0.5515708708751123,18.229549144075616,153.05195404163078,True,0.1844853642986336,0.0738149978231059,0.03981062704644356,0.32916010155082365,True,0.1843032419725568,0.09700914091299419,-0.005831180388082863,0.3744376643331965,76.92900792357571,True
19,4,0.15,0.13036956480978007,0.034703554960363855,0.062350597087466916,0.1983885325320932,True,0.0563048212923834,0.10703542200769244,-0.15348075091273966,0.26609039349750646,50.14789054187789,74.27439849888768,True,0.1413906617172136,0.06846125007219367,0.00720907723912384,0.27557224619530335,True,0.1400990508421232,0.10497885402016875,-0.0656557221756954,0.3458538238599418,66.76675736916218,True
19,5,0.15,0.12446311682952899,0.03489573076693916,0.05606748452632823,0.19285874913272974,True,0.44593277122808916,0.0830413586650116,0.2831746990173933,0.608690843438785,31.518317646005357,118.5647667542337,True,0.2266599454558344,0.06728099926290537,0.09479161005667394,0.3585282808549949,True,0.39879916977711355,0.0944814544255505,0.21361892189607207,0.583979417658155,70.05243919648694,True
19,6,0.15,0.18360194022844623,0.034337005322274815,0.11630140979678759,0.25090247066010485,True,-0.15141399298537672,0.10437836416157817,-0.35599182750727626,0.053163841536522816,48.91490847429635,61.10019826728753,True,0.10754462667093018,0.07384972065447488,-0.037198166080184336,0.2522874194220447,True,-0.08681561778825576,0.1105570753791403,-0.30350350376745067,0.12987226819093917,74.85139153357203,True
19,7,0.15,0.18363671608751925,0.03430826630936121,0.11639251412117128,0.2508809180538672,True,0.2511717851236041,0.10660381445644501,0.042232148174381534,0.4601114220728267,49.85320305283721,59.846602694359795,True,0.11832707005505988,0.06945583289518421,-0.017803860935733523,0.25445800104585325,True,0.22143362342135448,0.11327928109404357,-0.0005896877175599891,0.4434569345602689,69.43686038624966,True
19,8,0.15,0.16651660664265705,0.034156000648097574,0.09957084537238581,0.2334623679129283,True,0.1503698571885118,0.1265993093871233,-0.09776022967789344,0.39849994405491707,43.525530763921765,92.8571943230945,True,0.11557454105363257,0.06319127750036856,-0.008278086984166044,0.2394271690914312,True,0.20861045238942227,0.11635201243168354,-0.0194353015054341,0.43665620628427865,78.04401364090816,True
19,9,0.15,0.15430549979927738,0.034270310543670156,0.08713569113368387,0.2214753084648709,True,0.1973312022735932,0.12734034901773494,-0.05225129557992775,0.4469137001271141,43.59984311586582,71.12480147324702,True,0.06599116950604805,0.07044146177832995,-0.07207155859783343,0.20405389760992954,True,0.09184069932775267,0.11677034393043208,-0.13702496923824953,0.32070636789375484,62.761508969429094,True
20,0,0.14759652800363582,0.14709078336461523,0.05225983154304298,0.044661513540251,0.24952005318897946,True,0.1544241169190041,0.08553975135574768,-0.013230714984772601,0.32207894882278076,76.40527806575855,19.08572566632433,True,0.09579249541504775,0.08003623456483341,-0.06107564179022554,0.252660632620321,True,0.14937389601432677,0.07648909978641341,-0.000541984776933846,0.2992897768055874,105.24860120877669,True
20,1,0.14953066629040468,0.13662486938349006,0.05288490842669634,0.03297044886716523,0.2402792898998149,True,0.017262738499013663,0.10131047196078392,-0.1813021378008778,0.21582761479890514,87.03711309232213,12.347512916501167,True,0.05856819328262247,0.0811101538214975,-0.10040478698801647,0.2175411735532614,True,0.039759598411804924,0.100386523911128,-0.15699437298717492,0.23651356981078478,97.55868922461433,True
20,2,0.1486548471180842,0.027494775339602928,0.05262738958778143,-0.07565490825244868,0.13064445893165455,True,0.13320804888258203,0.10182061549283464,-0.0663566903670749,0.332772788132239,76.29487182670026,28.364841979521398,True,-0.0366142405395628,0.07344572958528184,-0.18056522534498312,0.10733674426585751,True,0.12056319403367237,0.11797143975944432,-0.11065657909917508,0.3517829671665198,61.09921577932751,True
20,3,0.14965851306486067,0.1885714285714286,0.05172329344841937,0.08719377341252665,0.28994908373033057,True,-0.032084159209706586,0.08271885409476498,-0.19421013407786952,0.13004181565845635,102.8901001843655,10.921461508101906,True,0.11405224779884254,0.07635695322058919,-0.03560463048272197,0.2637091260804071,True,0.00019361125268390483,0.08407309274363414,-0.16458662259373477,0.1649738450991026,113.91413193990643,True
20,4,0.15186488930858635,0.20670135139556955,0.051833494240357034,0.10510770268446977,0.3082950001066693,True,0.07338545163044125,0.1009681054602612,-0.1245083986589127,0.2712793019197952,102.34492440834211,12.686244877206715,True,0.1948548713091339,0.07272919496428086,0.05230826855455156,0.33740147406371623,True,0.08168454904019773,0.1306520084416875,-0.1743886820133329,0.33775778009372837,81.37515973426501,True
20,5,0.15049026356916737,0.20183726176076366,0.052225674742907346,0.09947493926466526,0.30419958425686205,True,0.04571727288818189,0.08428485147396624,-0.11947800044309961,0.2109125462194634,106.97710891459383,11.109516140079666,True,0.10698796507952679,0.08010350281159774,-0.05001201546670775,0.26398794562576133,True,0.04686936849918373,0.08308333207009024,-0.11597097007377478,0.20970970707214226,80.95361326343624,True
20,6,0.15120359087342763,0.13159528243327123,0.051576691380373935,0.030504967327738317,0.23268559753880413,True,0.11929764351866173,0.09241081896463467,-0.06182423343387322,0.3004195204711967,77.40864924567347,17.592291779192266,True,0.046849639065393245,0.06640458257606278,-0.08330095119210582,0.1770002293228923,True,0.07080290336253639,0.07653166697554481,-0.07919640758634489,0.22080221431141767,161.1328603202629,True
20,7,0.15022243548060546,0.23305860805860806,0.05176497181323272,0.13159926330467192,0.3345179528125442,True,0.2166145908865864,0.09408742248586403,0.03220663141608887,0.40102255035708395,90.20313308680022,12.463090641049973,True,0.22315875742811642,0.08112328190790334,0.0641600465809361,0.38215746827529673,True,0.23101779472799017,0.0880950092700319,0.05835474934100543,0.4036808401149749,119.77324715214048,True
20,8,0.14975253201412253,0.11910686223153483,0.05180260045699114,0.0175737653358322,0.22063995912723744,True,0.08004471923430007,0.07899213530573548,-0.07477702102685632,0.23486645949545645,130.54358887814735,9.992226328229995,True,0.0769847121003624,0.07829101948543193,-0.07646286640400779,0.23043229060473258,True,0.08319084261811535,0.07925440664332434,-0.07214494001889235,0.23852662525512305,135.31661197183107,True
20,9,0.15062571552447707,0.23428571428571426,0.05150149910478216,0.13334277604034123,0.3352286525310873,True,0.2323803142257462,0.07996909421985432,0.07564376967854153,0.3891168587729509,104.73019761657817,14.403465233026859,True,0.22804453726457768,0.06963535886686885,0.09156174183499283,0.36452733269416254,True,0.24011464976469266,0.07481364667674151,0.0934825967261746,0.3867467028032107,132.55064399657311,True
